Engine_ID,Actual_RUL,Predicted_RUL,Residual
1,21,61.329556,-40.32955551147461
2,102,96.456795,5.543205261230469
3,25,12.367853,12.632146835327148
4,59,71.71619,-12.7161865234375
5,25,44.700985,-19.700984954833984
6,112,65.336914,46.6630859375
7,99,58.74015,40.259849548339844
8,17,56.680134,-39.68013381958008
9,81,69.7997,11.200302124023438
10,50,37.25639,12.743610382080078
11,84,83.802315,0.19768524169921875
12,25,94.21135,-69.21134948730469
13,13,32.04899,-19.048988342285156
14,159,133.66849,25.331512451171875
15,60,55.70867,4.291328430175781
16,138,70.75418,67.24581909179688
17,81,69.86537,11.134628295898438
18,113,107.721695,5.2783050537109375
19,28,43.13559,-15.135589599609375
20,105,64.50585,40.49414825439453
21,76,50.48357,25.516429901123047
22,63,115.71714,-52.717140197753906
23,28,52.486843,-24.48684310913086
24,141,104.26487,36.735130310058594
25,3,72.56314,-69.56314086914062
26,63,87.7045,-24.704498291015625
27,7,66.89531,-59.89530944824219
28,53,41.72325,11.276748657226562
29,128,90.28461,37.71539306640625
30,76,94.68381,-18.683807373046875
31,89,102.502464,-13.502464294433594
32,2,38.57849,-36.5784912109375
33,69,74.72119,-5.72119140625
34,72,71.55581,0.44419097900390625
35,2,52.33957,-50.339569091796875
36,50,55.367516,-5.367515563964844
37,103,102.7395,0.260498046875
38,71,59.723927,11.276073455810547
39,33,50.600502,-17.600502014160156
40,85,84.1984,0.8015975952148438
41,73,104.883865,-31.883865356445312
42,10,70.64007,-60.64006805419922
43,106,39.08909,66.9109115600586
44,53,33.638866,19.361133575439453
45,59,67.881546,-8.881546020507812
46,55,76.199905,-21.199905395507812
47,159,104.69107,54.308929443359375
48,31,69.96672,-38.96672058105469
49,167,82.146675,84.85332489013672
50,41,83.4832,-42.48320007324219
51,16,68.542175,-52.54217529296875
52,118,128.07626,-10.076263427734375
53,1,60.502186,-59.5021858215332
54,24,19.819277,4.180723190307617
55,119,68.739815,50.26018524169922
56,10,30.34942,-20.34942054748535
57,40,48.422432,-8.422431945800781
58,16,68.004295,-52.004295349121094
59,50,53.9534,-3.953399658203125
60,59,56.397472,2.602527618408203
61,72,61.65115,10.34885025024414
62,70,58.54756,11.452438354492188
63,27,35.630398,-8.63039779663086
64,111,70.27317,40.726829528808594
65,102,167.19116,-65.191162109375
66,34,34.2355,-0.23550033569335938
67,124,65.73493,58.26506805419922
68,86,51.66397,34.336029052734375
69,48,49.020256,-1.0202560424804688
70,38,40.932926,-2.9329261779785156
71,62,45.21577,16.784229278564453
72,13,35.634823,-22.634822845458984
73,74,43.62929,30.370708465576172
74,54,59.68015,-5.680149078369141
75,159,122.531555,36.46844482421875
76,19,38.186436,-19.18643569946289
77,70,48.494232,21.505767822265625
78,58,78.648224,-20.648223876953125
79,68,67.70274,0.2972564697265625
80,18,38.889442,-20.889442443847656
81,159,114.43115,44.56884765625
82,157,143.89964,13.100357055664062
83,3,32.261864,-29.261863708496094
84,26,66.352165,-40.35216522216797
85,48,25.722534,22.2774658203125
86,133,65.97045,67.02954864501953
87,66,50.24138,15.758621215820312
88,67,56.234997,10.765003204345703
89,31,51.562855,-20.562854766845703
90,14,30.800241,-16.800241470336914
91,2,51.22037,-49.22037124633789
92,56,38.246407,17.75359344482422
93,44,22.347824,21.652175903320312
94,120,75.110085,44.889915466308594
95,53,66.90272,-13.902717590332031
96,46,18.043629,27.956371307373047
97,92,50.43946,41.56053924560547
98,52,45.425003,6.5749969482421875
99,53,60.95677,-7.9567718505859375
100,35,92.095215,-57.09521484375
101,22,68.08486,-46.084861755371094
102,85,68.63192,16.368080139160156
103,138,76.826324,61.173675537109375
104,12,54.513912,-42.513912200927734
105,68,51.222233,16.777767181396484
106,213,127.563995,85.43600463867188
107,17,52.38741,-35.38740921020508
108,104,57.416157,46.58384323120117
109,134,121.19581,12.804191589355469
110,3,37.248066,-34.24806594848633
111,62,125.44589,-63.445892333984375
112,4,80.81788,-76.81787872314453
113,126,47.668293,78.33170700073242
114,123,60.444,62.555999755859375
115,4,59.74726,-55.74726104736328
116,101,59.562748,41.437252044677734
117,101,61.132156,39.86784362792969
118,133,135.4878,-2.48779296875
119,83,71.787605,11.212394714355469
120,56,84.78779,-28.78778839111328
121,63,36.901726,26.09827423095703
122,31,27.670584,3.329416275024414
123,101,94.0997,6.900299072265625
124,74,59.638844,14.361156463623047
125,134,52.71682,81.2831802368164
126,32,24.923655,7.076345443725586
127,16,26.506618,-10.50661849975586
128,49,49.53942,-0.5394210815429688
129,39,50.99457,-11.994571685791016
130,87,61.31308,25.686920166015625
131,42,33.127483,8.872516632080078
132,144,75.27649,68.7235107421875
133,56,63.983467,-7.983467102050781
134,101,66.73895,34.26104736328125
135,69,54.10113,14.898868560791016
136,10,25.141428,-15.141427993774414
137,127,90.35538,36.644622802734375
138,51,52.7899,-1.7899017333984375
139,28,77.54941,-49.549407958984375
140,78,50.53898,27.461021423339844
141,122,109.450165,12.549835205078125
142,15,53.3322,-38.33219909667969
143,34,36.00435,-2.0043487548828125
144,107,118.60688,-11.606880187988281
145,117,64.55367,52.446327209472656
146,58,43.550064,14.449935913085938
147,26,53.651287,-27.651287078857422
148,76,53.15039,22.849609375
149,102,81.58036,20.419639587402344
150,81,52.538383,28.46161651611328
151,62,42.345005,19.65499496459961
152,91,35.050068,55.94993209838867
153,166,125.061005,40.938995361328125
154,19,59.75343,-40.7534294128418
155,53,62.78075,-9.780750274658203
156,133,61.233295,71.76670455932617
157,4,59.77266,-55.77265930175781
158,86,83.360535,2.63946533203125
159,20,19.35953,0.6404705047607422
160,106,56.547016,49.45298385620117
161,71,55.710163,15.289836883544922
162,43,62.345963,-19.345962524414062
163,113,67.73028,45.26972198486328
164,81,58.35061,22.649391174316406
165,12,72.42668,-60.42668151855469
166,30,52.904404,-22.904403686523438
167,7,25.986538,-18.98653793334961
168,6,60.259995,-54.25999450683594
169,1,56.65169,-55.65169143676758
170,67,53.213737,13.786262512207031
171,131,118.79729,12.202713012695312
172,59,103.03319,-44.03318786621094
173,56,57.326202,-1.326202392578125
174,49,41.667408,7.332592010498047
175,85,58.858395,26.141605377197266
176,53,49.560043,3.4399566650390625
177,38,32.14536,5.854640960693359
178,102,58.000732,43.999267578125
179,97,78.190994,18.809005737304688
180,39,33.958294,5.041706085205078
181,149,89.137955,59.86204528808594
182,77,55.68777,21.31222915649414
183,55,123.68252,-68.6825180053711
184,48,62.46279,-14.462791442871094
185,16,32.888382,-16.888381958007812
186,169,156.98236,12.01763916015625
187,104,131.19762,-27.197616577148438
188,26,74.02124,-48.021240234375
189,104,60.581696,43.418304443359375
190,31,94.65239,-63.65238952636719
191,49,86.558014,-37.558013916015625
192,4,22.109533,-18.109533309936523
193,175,120.80665,54.19335174560547
194,45,80.10534,-35.10533905029297
195,81,56.498928,24.50107192993164
196,38,58.798344,-20.798343658447266
197,94,57.792545,36.207454681396484
198,121,88.58091,32.419090270996094
199,151,117.67702,33.32298278808594
200,37,35.803604,1.1963958740234375
201,71,87.61157,-16.611572265625
202,165,150.25429,14.745712280273438
203,9,44.763893,-35.763893127441406
204,65,70.316055,-5.3160552978515625
205,26,30.236135,-4.236135482788086
206,87,62.67153,24.328468322753906
207,31,82.98747,-51.98747253417969
208,65,50.688454,14.311546325683594
209,33,30.133385,2.8666152954101562
210,63,38.828068,24.171932220458984
211,10,49.250465,-39.250465393066406
212,181,102.84902,78.1509780883789
213,22,83.22602,-61.22602081298828
214,43,59.41582,-16.415821075439453
215,128,108.74829,19.251708984375
216,11,25.305387,-14.305387496948242
217,45,61.527294,-16.527294158935547
218,23,47.08329,-24.083290100097656
219,73,58.15977,14.840229034423828
220,24,21.853725,2.1462745666503906
221,3,11.343505,-8.343504905700684
222,13,52.972664,-39.97266387939453
223,52,60.222343,-8.222343444824219
224,55,65.2191,-10.219100952148438
225,20,21.748024,-1.7480239868164062
226,30,17.58089,12.419109344482422
227,115,40.50757,74.492431640625
228,7,61.230644,-54.23064422607422
229,12,39.860317,-27.86031723022461
230,127,53.336143,73.66385650634766
231,43,57.56225,-14.562248229980469
232,94,103.50697,-9.506973266601562
233,19,41.032063,-22.032062530517578
234,92,113.299286,-21.299285888671875
235,32,71.78769,-39.787689208984375
236,35,17.832085,17.16791534423828
237,14,17.924343,-3.9243431091308594
238,64,58.88064,5.119361877441406
239,135,83.94427,51.05573272705078
240,149,123.47298,25.527023315429688
241,44,108.32026,-64.32025909423828
242,56,38.207333,17.792667388916016
243,25,51.249702,-26.24970245361328
244,22,20.5999,1.4001007080078125
245,100,56.431515,43.568485260009766
246,57,58.457115,-1.4571151733398438
247,157,152.82364,4.176361083984375
248,98,45.871014,52.12898635864258
249,96,142.32175,-46.321746826171875
250,3,49.397415,-46.39741516113281
251,51,50.075165,0.924835205078125
252,99,119.00179,-20.001792907714844
253,29,34.34764,-5.3476409912109375
254,45,61.73467,-16.734668731689453
255,119,79.49812,39.50187683105469
256,82,47.375458,34.624542236328125
257,1,28.527071,-27.527070999145508
258,92,93.474365,-1.474365234375
259,123,67.8156,55.18440246582031
260,45,42.713615,2.2863845825195312
261,40,39.102905,0.8970947265625
262,94,42.28972,51.71028137207031
263,103,57.87609,45.12390899658203
264,15,20.350073,-5.350072860717773
265,140,102.256744,37.743255615234375
266,113,125.62442,-12.624420166015625
267,212,99.032524,112.96747589111328
268,51,56.649834,-5.649833679199219
269,116,120.9979,-4.997901916503906
270,30,67.555786,-37.5557861328125
271,15,36.737556,-21.73755645751953
272,56,56.902435,-0.902435302734375
273,84,59.299553,24.70044708251953
274,45,72.21785,-27.217849731445312
275,63,38.108932,24.891067504882812
276,62,35.545708,26.45429229736328
277,123,104.21025,18.789749145507812
278,111,47.2298,63.770198822021484
279,78,71.6843,6.315696716308594
280,43,58.05277,-15.05276870727539
281,20,19.176514,0.823486328125
282,27,41.97478,-14.974781036376953
283,78,98.58608,-20.586082458496094
284,11,27.787642,-16.787641525268555
285,145,59.66465,85.3353500366211
286,76,53.78306,22.216941833496094
287,17,63.78913,-46.78913116455078
288,108,110.520424,-2.5204238891601562
289,115,48.070095,66.92990493774414
290,28,80.52676,-52.526756286621094
291,193,90.412506,102.58749389648438
292,116,61.711655,54.28834533691406
293,21,33.71883,-12.718830108642578
294,38,16.918404,21.08159637451172
295,166,138.43098,27.569015502929688
296,87,50.57461,36.42538833618164
297,36,28.820417,7.179582595825195
298,25,75.15794,-50.15794372558594
299,16,27.994484,-11.994483947753906
300,81,105.903305,-24.903305053710938
301,161,124.875565,36.12443542480469
302,48,48.74653,-0.7465286254882812
303,42,68.74135,-26.741348266601562
304,154,135.01569,18.98431396484375
305,55,50.596016,4.403984069824219
306,244,127.070816,116.92918395996094
307,31,25.52833,5.471670150756836
308,25,42.21677,-17.21677017211914
309,49,84.701836,-35.70183563232422
310,12,74.09996,-62.09996032714844
311,56,60.959324,-4.959323883056641
312,53,106.259254,-53.259254455566406
313,119,71.58059,47.419410705566406
314,4,52.79934,-48.799339294433594
315,44,22.402365,21.59763526916504
316,73,40.82038,32.17961883544922
317,18,70.370735,-52.37073516845703
318,132,116.67591,15.324089050292969
319,5,41.808865,-36.80886459350586
320,86,48.93425,37.06575012207031
321,16,54.024883,-38.02488327026367
322,71,51.249447,19.750553131103516
323,96,65.60379,30.396209716796875
324,70,41.942406,28.057594299316406
325,48,76.4765,-28.47650146484375
326,73,76.517784,-3.5177841186523438
327,24,30.428198,-6.428197860717773
328,71,61.093826,9.906173706054688
329,58,117.88357,-59.883567810058594
330,121,38.171127,82.82887268066406
331,15,33.80128,-18.801280975341797
332,44,63.6031,-19.603099822998047
333,41,52.451237,-11.451236724853516
334,34,55.926018,-21.92601776123047
335,1,36.522343,-35.522342681884766
336,56,52.585136,3.4148635864257812
337,119,87.52835,31.471649169921875
338,90,94.82343,-4.823432922363281
339,84,108.18365,-24.18364715576172
340,90,62.698566,27.301433563232422
341,21,51.73909,-30.739089965820312
342,139,61.817562,77.18243789672852
343,81,55.47324,25.52676010131836
344,91,89.81401,1.1859893798828125
345,86,74.74073,11.259269714355469
346,60,60.92159,-0.9215888977050781
347,41,41.26338,-0.2633781433105469
348,110,70.26172,39.73828125
349,20,45.030113,-25.030113220214844
350,36,87.29601,-51.29601287841797
351,30,75.335785,-45.335784912109375
352,54,57.231884,-3.231884002685547
353,21,34.773895,-13.773895263671875
354,103,44.957253,58.042747497558594
355,11,17.64218,-6.642179489135742
356,86,72.28623,13.713768005371094
357,22,52.180485,-30.180484771728516
358,5,44.101547,-39.10154724121094
359,178,84.71434,93.28565979003906
360,58,25.704327,32.29567337036133
361,54,86.93005,-32.9300537109375
362,38,48.307144,-10.307144165039062
363,38,70.64792,-32.647918701171875
364,32,17.833754,14.16624641418457
365,80,70.54376,9.45623779296875
366,107,51.26352,55.736480712890625
367,34,53.310406,-19.310405731201172
368,3,48.999996,-45.999996185302734
369,39,71.02206,-32.022056579589844
370,4,50.57584,-46.57583999633789
371,50,83.44798,-33.44798278808594
372,58,70.69609,-12.696090698242188
373,21,18.75452,2.2454795837402344
374,45,35.9306,9.069400787353516
375,115,123.20907,-8.209068298339844
376,53,39.488586,13.51141357421875
377,24,41.746017,-17.746017456054688
378,22,59.400482,-37.400482177734375
379,50,117.71366,-67.71366119384766
380,1,44.22745,-43.22745132446289
381,203,104.40012,98.5998764038086
382,7,20.702744,-13.702743530273438
383,57,66.60196,-9.601959228515625
384,84,123.63741,-39.637413024902344
385,25,77.049904,-52.049903869628906
386,60,71.56269,-11.562690734863281
387,66,52.032295,13.967704772949219
388,4,88.39626,-84.3962631225586
389,53,77.12682,-24.12682342529297
390,34,31.184324,2.815675735473633
391,2,56.321274,-54.32127380371094
392,121,59.26168,61.738319396972656
393,23,74.688354,-51.6883544921875
394,27,71.73675,-44.73674774169922
395,22,38.165817,-16.165817260742188
396,80,78.177124,1.8228759765625
397,53,49.52624,3.4737586975097656
398,76,71.86045,4.139549255371094
399,99,101.22939,-2.2293930053710938
400,110,104.82331,5.176689147949219
401,13,49.49848,-36.49848175048828
402,41,39.035316,1.9646835327148438
403,39,56.52054,-17.520538330078125
404,17,11.778126,5.221874237060547
405,78,118.767876,-40.76787567138672
406,63,60.93619,2.0638084411621094
407,10,78.028244,-68.02824401855469
408,75,53.10195,21.898048400878906
409,65,53.214184,11.785816192626953
410,48,27.51628,20.483720779418945
411,48,43.986828,4.013172149658203
412,56,41.49969,14.500308990478516
413,12,28.997244,-16.997243881225586
414,169,141.59143,27.4085693359375
415,54,79.45023,-25.450233459472656
416,236,144.52231,91.47769165039062
417,72,92.24841,-20.2484130859375
418,98,67.04409,30.955909729003906
419,137,57.777035,79.22296524047852
420,58,73.70645,-15.706451416015625
421,75,82.965225,-7.9652252197265625
422,21,28.190042,-7.190042495727539
423,46,83.88009,-37.880088806152344
424,8,40.732117,-32.73211669921875
425,77,46.672955,30.327045440673828
426,136,73.11803,62.88197326660156
427,85,83.19855,1.80145263671875
428,151,134.1941,16.805892944335938
429,73,102.10854,-29.108543395996094
430,11,24.06601,-13.066009521484375
431,78,58.024925,19.975074768066406
432,94,115.79123,-21.791229248046875
433,15,21.0248,-6.024799346923828
434,35,79.25601,-44.256011962890625
435,78,52.240025,25.75997543334961
436,168,173.5716,-5.57159423828125
437,112,67.82004,44.179962158203125
438,114,54.22458,59.775421142578125
439,160,131.68239,28.317611694335938
440,81,61.682156,19.31784439086914
441,20,37.020107,-17.02010726928711
442,94,68.81819,25.181808471679688
443,51,54.07517,-3.0751686096191406
444,16,35.665768,-19.665767669677734
445,74,62.96914,11.030860900878906
446,98,54.391453,43.60854721069336
447,11,37.429184,-26.429183959960938
448,14,47.2507,-33.250701904296875
449,2,69.16518,-67.16517639160156
450,90,43.55165,46.44834899902344
451,136,95.78892,40.211082458496094
452,4,46.69412,-42.69411849975586
453,76,101.94649,-25.946487426757812
454,30,65.33869,-35.33869171142578
455,120,91.15036,28.849639892578125
456,129,96.44469,32.55531311035156
457,51,52.116783,-1.1167831420898438
458,35,51.83123,-16.83123016357422
459,76,98.09622,-22.096221923828125
460,94,71.572716,22.427284240722656
461,161,65.72098,95.27902221679688
462,4,33.739075,-29.73907470703125
463,88,43.274208,44.725791931152344
464,149,106.428894,42.57110595703125
465,177,130.16797,46.83203125
466,99,59.86446,39.13554000854492
467,28,51.121696,-23.12169647216797
468,12,25.496313,-13.496313095092773
469,10,38.767326,-28.76732635498047
470,151,109.106445,41.8935546875
471,17,15.766783,1.2332172393798828
472,52,115.986626,-63.98662567138672
473,32,37.543472,-5.5434722900390625
474,37,35.279568,1.7204322814941406
475,92,93.171555,-1.1715545654296875
476,86,144.85745,-58.857452392578125
477,12,68.56961,-56.569610595703125
478,12,70.8722,-58.87220001220703
479,114,143.08395,-29.083953857421875
480,134,103.43727,30.562728881835938
481,168,110.82155,57.17845153808594
482,92,59.185234,32.81476593017578
483,4,14.163402,-10.16340160369873
484,135,120.183205,14.816795349121094
485,47,45.193695,1.806304931640625
486,86,80.01126,5.988739013671875
487,55,80.167915,-25.16791534423828
488,82,112.9316,-30.931602478027344
489,49,33.785213,15.214786529541016
490,35,18.060862,16.939138412475586
491,154,49.75067,104.24932861328125
492,60,51.326347,8.673652648925781
493,90,66.60303,23.39697265625
494,51,81.93001,-30.930007934570312
495,26,47.452957,-21.452957153320312
496,116,138.58463,-22.584625244140625
497,15,48.618736,-33.618736267089844
498,140,74.76007,65.23992919921875
499,47,60.8695,-13.869499206542969
500,50,63.492977,-13.492977142333984
501,7,51.7423,-44.7422981262207
502,54,57.830322,-3.830322265625
503,54,70.10937,-16.10936737060547
504,9,68.269844,-59.26984405517578
505,79,38.921818,40.078182220458984
506,29,64.78613,-35.7861328125
507,1,7.5702333,-6.570233345031738
508,23,48.20355,-25.203548431396484
509,5,42.935844,-37.93584442138672
510,11,8.273037,2.7269630432128906
511,5,48.156414,-43.15641403198242
512,27,95.57295,-68.57295227050781
513,46,57.429115,-11.429115295410156
514,46,56.694347,-10.694347381591797
515,23,34.656086,-11.656085968017578
516,29,57.776974,-28.776973724365234
517,34,31.031796,2.9682044982910156
518,49,99.10963,-50.10962677001953
519,74,38.593536,35.406463623046875
520,56,88.355354,-32.35535430908203
521,60,54.836746,5.1632537841796875
522,43,47.596535,-4.596534729003906
523,111,63.03502,47.96498107910156
524,97,58.28761,38.7123908996582
525,20,62.153362,-42.15336227416992
526,36,57.20532,-21.205318450927734
527,140,132.59572,7.4042816162109375
528,30,68.67944,-38.679443359375
529,20,27.598295,-7.598295211791992
530,49,66.761444,-17.761444091796875
531,26,86.28376,-60.28376007080078
532,51,56.947598,-5.947597503662109
533,5,62.131485,-57.13148498535156
534,150,125.92244,24.077560424804688
535,8,12.714585,-4.714585304260254
536,94,80.748116,13.251884460449219
537,68,119.53478,-51.53478240966797
538,79,98.8013,-19.801300048828125
539,150,158.45944,-8.459442138671875
540,102,66.081,35.91899871826172
541,60,76.14505,-16.145050048828125
542,133,57.997192,75.0028076171875
543,37,61.756073,-24.756072998046875
544,41,71.68214,-30.68213653564453
545,69,63.43391,5.566089630126953
546,118,89.17109,28.82891082763672
547,72,45.75302,26.246978759765625
548,52,65.33012,-13.330116271972656
549,62,74.91625,-12.916252136230469
550,74,59.942734,14.057266235351562
551,91,42.93789,48.062110900878906
552,50,74.17444,-24.1744384765625
553,74,63.332348,10.667652130126953
554,32,58.07487,-26.074871063232422
555,46,57.01452,-11.014518737792969
556,47,66.053314,-19.053314208984375
557,65,93.07474,-28.074737548828125
558,104,126.930435,-22.930435180664062
559,63,59.77546,3.2245407104492188
560,49,74.55718,-25.55718231201172
561,25,41.30399,-16.30398941040039
562,129,100.701416,28.298583984375
563,34,55.242935,-21.242935180664062
564,76,68.58594,7.4140625
565,23,23.91899,-0.9189891815185547
566,137,71.62339,65.3766098022461
567,20,63.21624,-43.21623992919922
568,49,92.495926,-43.49592590332031
569,105,115.95874,-10.958740234375
570,42,79.024796,-37.02479553222656
571,115,74.89451,40.105491638183594
572,143,74.572525,68.42747497558594
573,60,53.77821,6.221790313720703
574,30,66.785835,-36.78583526611328
575,45,28.54928,16.450719833374023
576,88,42.441154,45.55884552001953
577,119,77.1497,41.850303649902344
578,14,21.529688,-7.529687881469727
579,53,36.18384,16.816158294677734
580,28,11.984265,16.015734672546387
581,6,53.08636,-47.086360931396484
582,72,111.048546,-39.048545837402344
583,36,38.662033,-2.6620330810546875
584,61,55.64073,5.3592681884765625
585,77,44.031345,32.96865463256836
586,120,69.141205,50.858795166015625
587,82,78.861115,3.138885498046875
588,76,81.874596,-5.874595642089844
589,45,76.624435,-31.624435424804688
590,17,78.47039,-61.47039031982422
591,34,62.87598,-28.875980377197266
592,27,42.293175,-15.293174743652344
593,98,96.90492,1.0950775146484375
594,78,44.05099,33.94900894165039
595,60,77.2391,-17.239097595214844
596,141,56.114014,84.885986328125
597,151,139.8432,11.15679931640625
598,29,53.932926,-24.932926177978516
599,39,109.152504,-70.15250396728516
600,48,30.882568,17.117431640625
601,87,63.388817,23.611183166503906
602,75,99.42206,-24.42205810546875
603,6,27.08758,-21.08757972717285
604,102,109.50432,-7.5043182373046875
605,83,66.3071,16.692901611328125
606,16,16.460812,-0.4608116149902344
607,77,76.24259,0.7574081420898438
608,82,51.77371,30.22629165649414
609,41,39.90493,1.0950698852539062
610,87,36.780766,50.219234466552734
611,54,59.38422,-5.384220123291016
612,31,31.470333,-0.4703330993652344
613,10,6.781007,3.2189931869506836
614,122,64.944374,57.055625915527344
615,58,59.721016,-1.7210159301757812
616,57,51.608833,5.391166687011719
617,99,151.06215,-52.06214904785156
618,1,23.436289,-22.436288833618164
619,7,49.277718,-42.27771759033203
620,13,33.301727,-20.301727294921875
621,95,112.33704,-17.33704376220703
622,35,47.78504,-12.785041809082031
623,68,47.77268,20.22732162475586
624,21,92.48105,-71.48104858398438
625,12,75.011894,-63.01189422607422
626,42,72.560356,-30.56035614013672
627,111,134.77391,-23.773910522460938
628,17,14.685738,2.3142623901367188
629,85,64.15561,20.844390869140625
630,49,73.73908,-24.73908233642578
631,139,98.74163,40.25836944580078
632,18,29.390734,-11.39073371887207
633,216,87.23062,128.76937866210938
634,29,73.59059,-44.59059143066406
635,50,52.433025,-2.433025360107422
636,42,43.09767,-1.0976715087890625
637,80,64.05758,15.942420959472656
638,42,72.55318,-30.553176879882812
639,176,158.02095,17.979049682617188
640,116,49.240536,66.75946426391602
641,65,55.323097,9.676902770996094
642,84,79.13565,4.864349365234375
643,137,67.1978,69.80220031738281
644,51,42.15078,8.849220275878906
645,112,47.562515,64.43748474121094
646,107,61.93919,45.06081008911133
647,107,76.23745,30.762550354003906
648,61,51.83971,9.160289764404297
649,35,66.12228,-31.122276306152344
650,32,39.304577,-7.304576873779297
651,122,49.23418,72.76581954956055
652,20,50.0016,-30.001598358154297
653,114,53.453182,60.546817779541016
654,65,86.71637,-21.71636962890625
655,26,68.22713,-42.22712707519531
656,73,94.91878,-21.918777465820312
657,158,156.32272,1.677276611328125
658,34,67.096886,-33.096885681152344
659,95,69.87472,25.125282287597656
660,52,30.416685,21.583314895629883
661,72,74.274826,-2.2748260498046875
662,100,73.3305,26.66950225830078
663,71,41.44421,29.555789947509766
664,62,55.44742,6.552581787109375
665,64,47.145493,16.854507446289062
666,144,47.166424,96.83357620239258
667,91,122.49041,-31.49040985107422
668,84,64.17773,19.82227325439453
669,77,65.266365,11.733634948730469
670,12,24.991264,-12.991264343261719
671,38,59.310932,-21.310932159423828
672,57,91.32035,-34.320350646972656
673,13,64.875206,-51.875205993652344
674,38,116.638664,-78.63866424560547
675,46,71.05283,-25.052833557128906
676,17,71.72526,-54.725257873535156
677,15,29.190573,-14.190572738647461
678,9,34.456226,-25.456226348876953
679,90,57.46462,32.53538131713867
680,172,109.30105,62.698951721191406
681,81,98.74853,-17.74852752685547
682,11,71.34103,-60.341026306152344
683,5,67.88377,-62.88377380371094
684,72,147.10374,-75.10374450683594
685,24,75.32662,-51.326622009277344
686,29,54.42435,-25.42435073852539
687,171,91.406876,79.59312438964844
688,69,57.99352,11.006481170654297
689,208,119.43649,88.56350708007812
690,165,65.62001,99.37998962402344
691,27,64.295,-37.29499816894531
692,8,92.16645,-84.16645050048828
693,55,70.67757,-15.677566528320312
694,10,54.667084,-44.667083740234375
695,40,79.41481,-39.41481018066406
696,100,69.02794,30.972061157226562
697,59,65.19304,-6.1930389404296875
698,130,65.32161,64.67839050292969
699,93,114.338715,-21.338714599609375
700,58,62.44677,-4.446769714355469
701,125,69.7778,55.222198486328125
702,116,116.070175,-0.0701751708984375
703,106,55.192917,50.80708312988281
704,110,53.736973,56.26302719116211
705,108,141.11353,-33.113525390625
706,50,40.455753,9.544246673583984
707,110,60.998463,49.00153732299805
708,42,25.56902,16.430980682373047
709,130,106.639366,23.360633850097656
710,51,48.506573,2.493427276611328
711,66,64.26158,1.7384185791015625
712,81,72.07381,8.926193237304688
713,202,126.58195,75.41805267333984
714,48,42.453987,5.546012878417969
715,27,20.387604,6.612396240234375
716,81,116.28776,-35.287757873535156
717,87,63.17035,23.82965087890625
718,93,51.923832,41.076168060302734
719,12,40.536068,-28.536067962646484
720,12,59.681328,-47.68132781982422
721,157,103.11095,53.88905334472656
722,164,152.0032,11.996795654296875
723,225,125.335175,99.66482543945312
724,26,51.93376,-25.933761596679688
725,135,113.86635,21.133651733398438
726,2,58.88901,-56.88901138305664
727,129,166.71558,-37.715576171875
728,70,64.884735,5.115264892578125
729,33,52.957603,-19.957603454589844
730,4,37.729733,-33.729732513427734
731,38,37.542503,0.45749664306640625
732,51,63.459526,-12.459526062011719
733,80,54.177376,25.82262420654297
734,46,78.5149,-32.51490020751953
735,74,51.7624,22.237598419189453
736,3,66.112206,-63.112205505371094
737,121,65.41956,55.58043670654297
738,135,73.39241,61.60758972167969
739,48,17.23754,30.762460708618164
740,56,52.695057,3.304943084716797
741,53,68.87728,-15.877281188964844
742,73,44.76611,28.233890533447266
743,21,51.14653,-30.146530151367188
744,67,130.25125,-63.251251220703125
745,57,69.209526,-12.209526062011719
746,71,33.094604,37.9053955078125
747,71,47.705036,23.294963836669922
748,28,47.517746,-19.517745971679688
749,33,60.243374,-27.24337387084961
750,104,141.5145,-37.514495849609375
751,79,49.214775,29.78522491455078
752,89,42.308414,46.691585540771484
753,21,16.018797,4.981203079223633
754,122,60.899002,61.10099792480469
755,39,26.614948,12.385051727294922
756,173,132.40645,40.59355163574219
757,17,53.18051,-36.180511474609375
758,49,42.938713,6.061286926269531
759,22,52.014446,-30.014446258544922
760,85,108.21063,-23.21063232421875
761,35,48.9938,-13.99380111694336
762,50,41.573536,8.426464080810547
763,119,45.785744,73.2142562866211
764,9,45.50354,-36.5035400390625
765,10,27.615757,-17.61575698852539
766,19,46.790684,-27.79068374633789
767,172,83.559296,88.44070434570312
768,27,50.08406,-23.084060668945312
769,19,49.178707,-30.178707122802734
770,29,72.60482,-43.604820251464844
771,142,118.47161,23.52838897705078
772,51,56.752335,-5.7523345947265625
773,66,93.485405,-27.48540496826172
774,114,63.05102,50.948978424072266
775,111,82.535545,28.464454650878906
776,107,145.17892,-38.178924560546875
777,51,55.260807,-4.260807037353516
778,85,124.126434,-39.126434326171875
779,10,62.737247,-52.737247467041016
780,117,116.96959,0.0304107666015625
781,40,36.766434,3.2335662841796875
782,47,31.866999,15.133001327514648
783,147,114.949905,32.05009460449219
784,90,57.534702,32.46529769897461
785,132,54.68512,77.31488037109375
786,84,80.18976,3.81024169921875
787,103,67.656075,35.34392547607422
788,14,25.873455,-11.873455047607422
789,46,49.437443,-3.4374427795410156
790,43,58.62217,-15.622169494628906
791,53,48.125095,4.874904632568359
792,1,8.646028,-7.646027565002441
793,66,61.46898,4.5310211181640625
794,5,33.00392,-28.003921508789062
795,18,67.69888,-49.698883056640625
796,134,129.3621,4.6378936767578125
797,21,69.60771,-48.60771179199219
798,10,58.32123,-48.321231842041016
799,62,79.35648,-17.356483459472656
800,153,115.15353,37.846473693847656
801,95,89.80894,5.191062927246094
802,53,55.046,-2.046001434326172
803,20,66.685265,-46.685264587402344
804,118,85.601685,32.3983154296875
805,6,19.654331,-13.65433120727539
806,91,63.714725,27.285274505615234
807,87,110.49266,-23.492660522460938
808,75,74.17427,0.8257293701171875
809,215,121.01025,93.98975372314453
810,40,47.54853,-7.548530578613281
811,124,91.05451,32.94548797607422
812,10,15.839251,-5.839250564575195
813,86,53.399765,32.60023498535156
814,151,100.69344,50.306556701660156
815,5,61.94826,-56.94826126098633
816,80,70.604744,9.395256042480469
817,70,76.10818,-6.108177185058594
818,25,24.530628,0.4693717956542969
819,26,49.136734,-23.136734008789062
820,82,94.701515,-12.701515197753906
821,134,115.70312,18.29688262939453
822,105,57.880062,47.119937896728516
823,44,83.09935,-39.09934997558594
824,128,115.4523,12.547698974609375
825,90,120.80756,-30.80756378173828
826,12,27.367563,-15.367563247680664
827,21,53.645782,-32.645782470703125
828,33,65.7341,-32.734100341796875
829,61,50.679787,10.320213317871094
830,24,53.011677,-29.011676788330078
831,83,93.16507,-10.165069580078125
832,192,89.89319,102.1068115234375
833,10,77.94442,-67.94441986083984
834,99,62.547943,36.452056884765625
835,54,52.201366,1.7986335754394531
836,22,67.24657,-45.24656677246094
837,48,42.75087,5.2491302490234375
838,19,25.547398,-6.547397613525391
839,43,61.436115,-18.436115264892578
840,75,46.819733,28.180267333984375
841,7,42.991432,-35.991432189941406
842,15,36.897297,-21.897296905517578
843,107,96.0588,10.941200256347656
844,84,40.695423,43.3045768737793
845,126,115.83538,10.164619445800781
846,42,55.1807,-13.18069839477539
847,198,102.07429,95.92571258544922
848,117,55.564186,61.435813903808594
849,44,45.077454,-1.07745361328125
850,165,84.2438,80.7562026977539
851,41,44.912792,-3.912792205810547
852,49,58.45787,-9.457870483398438
853,183,65.734924,117.26507568359375
854,109,62.850395,46.14960479736328
855,84,58.892643,25.107357025146484
856,106,53.243866,52.756134033203125
857,83,60.61744,22.38256072998047
858,107,77.31925,29.680747985839844
859,164,69.05007,94.9499282836914
860,36,59.634304,-23.63430404663086
861,39,67.41585,-28.415847778320312
862,72,64.379585,7.620414733886719
863,18,21.928146,-3.9281463623046875
864,2,58.044178,-56.0441780090332
865,64,82.66608,-18.66607666015625
866,24,39.99805,-15.998050689697266
867,19,21.88927,-2.889270782470703
868,11,29.7411,-18.741100311279297
869,25,40.517296,-15.517295837402344
870,55,52.81957,2.180431365966797
871,65,44.420383,20.57961654663086
872,51,68.27862,-17.27861785888672
873,94,31.122208,62.87779235839844
874,189,111.66556,77.33444213867188
875,34,65.520515,-31.52051544189453
876,120,127.69317,-7.693168640136719
877,41,48.86859,-7.86859130859375
878,143,83.16616,59.833839416503906
879,170,115.43812,54.56188201904297
880,139,99.33174,39.66825866699219
881,140,113.85473,26.14527130126953
882,38,36.959522,1.0404777526855469
883,12,56.674145,-44.67414474487305
884,84,41.171597,42.82840347290039
885,161,161.30688,-0.306884765625
886,73,71.67683,1.3231735229492188
887,15,56.069057,-41.06905746459961
888,99,52.637695,46.3623046875
889,7,31.24993,-24.249929428100586
890,110,59.953293,50.04670715332031
891,28,59.61113,-31.611129760742188
892,58,38.637066,19.362934112548828
893,84,42.569782,41.43021774291992
894,71,38.817055,32.182945251464844
895,183,108.66992,74.330078125
896,31,77.25315,-46.253150939941406
897,1,45.76825,-44.76824951171875
898,30,37.06094,-7.060939788818359
899,92,56.108036,35.891963958740234
900,23,30.075123,-7.075122833251953
901,74,112.02021,-38.02021026611328
902,76,59.613163,16.386837005615234
903,96,94.9328,1.06719970703125
904,49,72.239746,-23.23974609375
905,116,77.19142,38.80857849121094
906,26,39.800068,-13.800067901611328
907,51,79.21802,-28.218017578125
908,43,38.995323,4.004676818847656
909,158,65.38759,92.61241149902344
910,185,113.88217,71.11782836914062
911,26,35.495842,-9.495841979980469
912,38,55.766205,-17.766204833984375
913,29,71.42101,-42.42101287841797
914,81,81.0845,-0.084503173828125
915,25,42.825253,-17.825252532958984
916,171,92.73518,78.26481628417969
917,57,48.2816,8.718399047851562
918,21,44.62276,-23.622760772705078
919,46,50.689293,-4.689292907714844
920,32,33.721836,-1.7218360900878906
921,72,74.54135,-2.541351318359375
922,132,76.91538,55.084617614746094
923,70,44.738434,25.261566162109375
924,182,55.07372,126.9262809753418
925,113,79.9996,33.000396728515625
926,107,79.525185,27.474815368652344
927,166,139.98354,26.016464233398438
928,17,76.790085,-59.79008483886719
929,69,114.67286,-45.67285919189453
930,64,63.442467,0.5575332641601562
931,68,38.535748,29.464252471923828
932,98,59.527676,38.47232437133789
933,58,61.60526,-3.6052589416503906
934,177,90.65586,86.3441390991211
935,139,67.47303,71.52696990966797
936,66,77.92619,-11.926193237304688
937,28,28.977808,-0.9778079986572266
938,44,55.81575,-11.815750122070312
939,152,87.77998,64.22001647949219
940,30,39.798183,-9.79818344116211
941,52,50.57411,1.4258918762207031
942,77,46.13664,30.863361358642578
943,52,47.425545,4.574455261230469
944,83,108.19416,-25.19416046142578
945,18,66.472374,-48.472373962402344
946,163,114.777695,48.22230529785156
947,8,51.743336,-43.74333572387695
948,27,81.077675,-54.077674865722656
949,50,59.179188,-9.179187774658203
950,6,24.652575,-18.65257453918457
951,51,123.92357,-72.92356872558594
952,24,55.472134,-31.47213363647461
953,44,65.16272,-21.1627197265625
954,44,54.746464,-10.746463775634766
955,3,9.431759,-6.431758880615234
956,28,46.817375,-18.81737518310547
957,10,19.744003,-9.744003295898438
958,77,32.990776,44.00922393798828
959,70,64.32608,5.673919677734375
960,8,33.415337,-25.41533660888672
961,94,78.00867,15.9913330078125
962,30,97.2175,-67.21749877929688
963,40,64.742775,-24.742774963378906
964,34,77.74617,-43.74617004394531
965,56,59.024723,-3.0247230529785156
966,61,47.455116,13.544883728027344
967,38,63.626015,-25.626014709472656
968,15,37.47568,-22.47568130493164
969,124,111.2633,12.736701965332031
970,70,66.44447,3.5555267333984375
971,67,50.421276,16.578723907470703
972,14,69.5398,-55.53980255126953
973,51,43.017166,7.9828338623046875
974,36,19.672615,16.32738494873047
975,72,105.02328,-33.023277282714844
976,60,119.20993,-59.209930419921875
977,101,116.805084,-15.805084228515625
978,16,31.389652,-15.389652252197266
979,48,74.35005,-26.350051879882812
980,61,80.60495,-19.604949951171875
981,61,54.683,6.3170013427734375
982,74,46.098648,27.901351928710938
983,48,115.66673,-67.66673278808594
984,60,68.23853,-8.238533020019531
985,61,54.47927,6.520729064941406
986,80,80.113464,-0.11346435546875
987,62,65.16289,-3.1628875732421875
988,105,90.68581,14.314193725585938
989,5,49.83181,-44.831809997558594
990,28,44.854607,-16.85460662841797
991,199,107.48171,91.5182876586914
992,61,45.844482,15.155517578125
993,57,63.362774,-6.362773895263672
994,64,67.63931,-3.639312744140625
995,71,95.43003,-24.430030822753906
996,38,51.913216,-13.913215637207031
997,59,69.06642,-10.066421508789062
998,9,68.286766,-59.286766052246094
999,3,46.83774,-43.83774185180664
1000,84,64.53008,19.46991729736328
1001,56,58.42143,-2.421428680419922
1002,145,111.554115,33.445884704589844
1003,156,94.75705,61.242950439453125
1004,54,59.49136,-5.491359710693359
1005,154,86.91074,67.0892562866211
1006,43,46.16425,-3.1642494201660156
1007,101,66.41475,34.58525085449219
1008,71,27.917051,43.08294868469238
1009,211,103.1081,107.89189910888672
1010,20,50.643044,-30.643043518066406
1011,37,61.500385,-24.500385284423828
1012,1,26.550674,-25.550674438476562
1013,187,75.986275,111.01372528076172
1014,35,64.042854,-29.04285430908203
1015,23,77.55752,-54.557518005371094
1016,110,114.2915,-4.291496276855469
1017,67,58.321445,8.67855453491211
1018,120,60.41522,59.584781646728516
1019,92,79.32193,12.678070068359375
1020,113,62.490047,50.509952545166016
1021,43,69.55457,-26.55457305908203
1022,65,70.02389,-5.023887634277344
1023,30,43.260765,-13.260765075683594
1024,14,49.330025,-35.33002471923828
1025,41,79.3011,-38.30110168457031
1026,30,41.90776,-11.907760620117188
1027,9,25.70088,-16.70088005065918
1028,14,19.443851,-5.443851470947266
1029,85,76.526306,8.47369384765625
1030,4,41.85795,-37.857948303222656
1031,68,55.85173,12.148269653320312
1032,158,124.09965,33.900352478027344
1033,44,25.84652,18.153480529785156
1034,55,13.9033785,41.0966215133667
1035,126,62.071617,63.928382873535156
1036,100,135.23763,-35.23762512207031
1037,81,75.93985,5.060150146484375
1038,81,54.596107,26.403892517089844
1039,51,50.34848,0.651519775390625
1040,28,46.89158,-18.891578674316406
1041,221,146.34764,74.65235900878906
1042,112,145.13713,-33.13713073730469
1043,11,59.07097,-48.07096862792969
1044,56,50.400608,5.599391937255859
1045,33,44.11803,-11.118030548095703
1046,54,65.89574,-11.895736694335938
1047,54,73.863014,-19.863014221191406
1048,8,41.15922,-33.15922164916992
1049,82,56.111584,25.888416290283203
1050,62,36.398388,25.601612091064453
1051,66,83.38467,-17.384666442871094
1052,117,63.958652,53.04134750366211
1053,35,56.22591,-21.225910186767578
1054,18,53.819733,-35.819732666015625
1055,61,94.63574,-33.6357421875
1056,64,35.16266,28.83734130859375
1057,84,46.27051,37.729488372802734
1058,20,32.842857,-12.842857360839844
1059,82,44.478634,37.521366119384766
1060,146,153.7516,-7.7516021728515625
1061,10,22.688728,-12.688728332519531
1062,47,53.146854,-6.146854400634766
1063,60,56.344353,3.6556472778320312
1064,24,29.895634,-5.895633697509766
1065,47,79.8472,-32.847198486328125
1066,11,8.131143,2.8688573837280273
1067,155,85.00192,69.99807739257812
1068,83,139.4863,-56.486297607421875
1069,105,105.48669,-0.48668670654296875
1070,63,96.58253,-33.58252716064453
1071,45,59.739372,-14.739372253417969
1072,57,76.46001,-19.460006713867188
1073,4,12.092043,-8.092042922973633
1074,40,57.280956,-17.280956268310547
1075,47,32.748,14.251998901367188
1076,26,104.13813,-78.13813018798828
1077,27,38.79811,-11.798110961914062
1078,34,43.51289,-9.512889862060547
1079,97,39.942158,57.05784225463867
1080,202,97.76119,104.23880767822266
1081,3,44.792015,-41.792015075683594
1082,161,53.71539,107.28461074829102
1083,42,78.66159,-36.661590576171875
1084,18,75.205574,-57.20557403564453
1085,37,75.69136,-38.69136047363281
1086,36,100.76422,-64.76422119140625
1087,52,68.83421,-16.834213256835938
1088,115,68.52148,46.47852325439453
1089,40,70.46174,-30.46173858642578
1090,27,50.451553,-23.451553344726562
1091,42,42.49456,-0.49456024169921875
1092,7,10.975487,-3.9754867553710938
1093,112,140.10849,-28.108489990234375
1094,60,86.82513,-26.82512664794922
1095,195,94.35332,100.64668273925781
1096,65,28.365982,36.63401794433594
1097,171,82.976295,88.0237045288086
1098,17,21.305748,-4.305747985839844
1099,137,121.05364,15.946357727050781
1100,174,141.48978,32.510223388671875
1101,34,23.081097,10.918903350830078
1102,86,41.787785,44.212215423583984
1103,2,72.78025,-70.7802505493164
1104,80,46.228794,33.77120590209961
1105,68,56.30777,11.692230224609375
1106,48,62.72626,-14.726261138916016
1107,80,81.977264,-1.977264404296875
1108,111,87.82102,23.178977966308594
1109,44,46.145847,-2.1458473205566406
1110,76,77.13637,-1.1363677978515625
1111,56,70.25144,-14.251441955566406
1112,20,89.06541,-69.0654067993164
1113,24,64.934814,-40.934814453125
1114,28,74.19613,-46.196128845214844
1115,19,16.302624,2.697376251220703
1116,23,33.787224,-10.787223815917969
1117,57,86.424225,-29.424224853515625
1118,54,97.55002,-43.550018310546875
1119,26,58.501057,-32.50105667114258
1120,34,81.413,-47.413002014160156
1121,167,105.98558,61.01441955566406
1122,51,53.887173,-2.8871726989746094
1123,8,46.65276,-38.65275955200195
1124,63,54.087933,8.912067413330078
1125,25,47.69621,-22.696208953857422
1126,54,47.649914,6.350086212158203
1127,32,34.97588,-2.975879669189453
1128,178,87.37878,90.62122344970703
1129,43,55.60011,-12.600109100341797
1130,30,39.88573,-9.885730743408203
1131,183,79.743065,103.2569351196289
1132,4,41.01875,-37.01874923706055
1133,87,40.382824,46.6171760559082
1134,150,83.567154,66.43284606933594
1135,234,131.10065,102.89935302734375
1136,53,82.179474,-29.179473876953125
1137,80,158.42195,-78.42195129394531
1138,44,64.63707,-20.637069702148438
1139,75,90.19387,-15.193870544433594
1140,93,53.002323,39.997676849365234
1141,90,45.65227,44.34772872924805
1142,124,66.109245,57.89075469970703
1143,25,18.427044,6.572956085205078
1144,16,52.765285,-36.76528549194336
1145,10,17.021961,-7.021961212158203
1146,193,76.2279,116.77210235595703
1147,18,64.54149,-46.54148864746094
1148,48,57.37169,-9.371688842773438
1149,36,61.767536,-25.767536163330078
1150,64,116.24793,-52.24793243408203
1151,1,57.000664,-56.00066375732422
1152,2,54.06836,-52.068359375
1153,116,82.65415,33.345848083496094
1154,79,50.746124,28.253875732421875
1155,155,92.45933,62.540672302246094
1156,95,114.8973,-19.897300720214844
1157,31,29.953672,1.0463275909423828
1158,9,22.876377,-13.87637710571289
1159,113,49.1571,63.842899322509766
1160,20,36.582767,-16.582767486572266
1161,7,57.56081,-50.56081008911133
1162,88,66.56615,21.433853149414062
1163,154,88.5267,65.47329711914062
1164,63,70.662155,-7.6621551513671875
1165,107,129.6586,-22.658599853515625
1166,177,90.89937,86.10063171386719
1167,118,114.58626,3.4137420654296875
1168,71,99.52996,-28.52996063232422
1169,47,86.364,-39.36399841308594
1170,59,50.27709,8.722911834716797
1171,33,67.56611,-34.56610870361328
1172,48,58.095634,-10.095634460449219
1173,59,35.393105,23.606895446777344
1174,78,98.219475,-20.21947479248047
1175,142,62.964222,79.0357780456543
1176,169,87.081345,81.91865539550781
1177,122,120.880035,1.119964599609375
1178,87,44.15747,42.842529296875
1179,80,29.37889,50.621110916137695
1180,1,81.02397,-80.02397155761719
1181,54,73.45151,-19.451507568359375
1182,28,96.89154,-68.89154052734375
1183,132,77.11195,54.88804626464844
1184,96,63.603607,32.396392822265625
1185,86,86.1141,-0.11409759521484375
1186,69,101.43064,-32.430641174316406
1187,13,14.549587,-1.5495872497558594
1188,51,38.79688,12.203121185302734
1189,87,102.45626,-15.456260681152344
1190,90,66.63048,23.369522094726562
1191,35,59.941513,-24.941513061523438
1192,138,90.880394,47.119606018066406
1193,8,36.8318,-28.831798553466797
1194,4,34.288284,-30.288284301757812
1195,128,87.85262,40.147377014160156
1196,41,34.30802,6.691978454589844
1197,58,79.79822,-21.7982177734375
1198,36,69.3928,-33.392799377441406
1199,69,53.77047,15.229530334472656
1200,105,91.37659,13.6234130859375
1201,89,54.47737,34.52262878417969
1202,40,76.98983,-36.989830017089844
1203,55,82.127045,-27.127044677734375
1204,62,71.71952,-9.719520568847656
1205,104,58.31225,45.68775177001953
1206,70,63.47495,6.525051116943359
1207,95,44.20925,50.790748596191406
1208,49,58.328167,-9.328166961669922
1209,2,74.40485,-72.40484619140625
1210,69,82.84213,-13.842132568359375
1211,63,64.507126,-1.5071258544921875
1212,12,60.709583,-48.7095832824707
1213,24,56.993282,-32.993282318115234
1214,38,85.32492,-47.324920654296875
1215,25,58.05661,-33.056610107421875
1216,43,59.729473,-16.729473114013672
1217,152,117.35217,34.6478271484375
1218,25,52.549973,-27.549972534179688
1219,55,55.265423,-0.2654228210449219
1220,88,45.498695,42.501304626464844
1221,63,36.596382,26.40361785888672
1222,66,61.672947,4.327053070068359
1223,80,39.972942,40.02705764770508
1224,81,74.609985,6.3900146484375
1225,5,47.50358,-42.503578186035156
1226,154,148.0485,5.951507568359375
1227,51,60.514103,-9.514102935791016
1228,8,35.753033,-27.753032684326172
1229,124,85.159164,38.84083557128906
1230,59,77.12419,-18.124191284179688
1231,36,33.75371,2.246288299560547
1232,158,139.92432,18.07568359375
1233,30,49.14518,-19.145179748535156
1234,13,55.966473,-42.96647262573242
1235,61,78.016495,-17.016494750976562
1236,56,147.01169,-91.01168823242188
1237,127,124.17928,2.8207168579101562
1238,24,60.582306,-36.582305908203125
1239,31,55.039146,-24.039146423339844
1240,117,66.0144,50.98560333251953
1241,172,109.440605,62.55939483642578
1242,45,56.379738,-11.379737854003906
1243,55,54.162163,0.8378372192382812
1244,93,53.744705,39.25529479980469
1245,85,86.29759,-1.2975921630859375
1246,88,84.02625,3.9737472534179688
1247,15,62.23851,-47.23851013183594
1248,46,72.73493,-26.73493194580078
1249,57,32.57135,24.42864990234375
1250,102,46.512848,55.487152099609375
1251,101,65.60609,35.39391326904297
1252,189,81.75572,107.24427795410156
1253,76,45.304756,30.69524383544922
1254,114,93.00145,20.998550415039062
1255,78,58.064022,19.935977935791016
1256,75,58.571487,16.428512573242188
1257,47,69.632195,-22.63219451904297
1258,92,88.72234,3.2776565551757812
1259,39,24.707823,14.292177200317383
1260,146,138.44173,7.5582733154296875
1261,83,102.035095,-19.03509521484375
1262,54,101.33891,-47.33891296386719
1263,45,47.30907,-2.309070587158203
1264,71,64.225685,6.774314880371094
1265,34,72.223976,-38.223976135253906
1266,51,68.256256,-17.256256103515625
1267,150,55.801907,94.19809341430664
1268,49,59.657825,-10.657825469970703
1269,72,138.01462,-66.01461791992188
1270,105,65.904434,39.09556579589844
1271,46,78.413445,-32.41344451904297
1272,65,48.319473,16.680526733398438
1273,95,72.67179,22.328208923339844
1274,94,101.310814,-7.310813903808594
1275,78,60.963352,17.03664779663086
1276,109,60.876537,48.12346267700195
1277,45,41.610825,3.3891754150390625
1278,126,118.00261,7.9973907470703125
1279,21,30.481155,-9.481155395507812
1280,75,88.845215,-13.84521484375
1281,99,85.84316,13.156837463378906
1282,8,52.533184,-44.53318405151367
1283,77,51.29737,25.70262908935547
1284,77,66.047035,10.952964782714844
1285,38,17.746456,20.253543853759766
1286,39,109.23742,-70.23741912841797
1287,29,57.8704,-28.870399475097656
1288,195,88.751816,106.24818420410156
1289,98,162.85005,-64.85005187988281
1290,16,18.159483,-2.159482955932617
1291,115,106.08312,8.916877746582031
1292,89,92.24069,-3.240692138671875
1293,250,147.99086,102.00914001464844
1294,70,107.562126,-37.56212615966797
1295,33,69.354546,-36.35454559326172
1296,66,65.29282,0.7071762084960938
1297,45,50.05284,-5.0528411865234375
1298,28,77.140785,-49.140785217285156
1299,61,24.273853,36.72614669799805
1300,107,92.7228,14.277198791503906
1301,11,71.5112,-60.511199951171875
1302,17,99.76267,-82.7626724243164
1303,12,31.800537,-19.800537109375
1304,101,71.581955,29.418045043945312
1305,72,69.9259,2.0740966796875
1306,97,78.37689,18.62310791015625
1307,41,50.623207,-9.623207092285156
1308,20,101.35092,-81.35092163085938
1309,1,67.05807,-66.05806732177734
1310,15,62.037117,-47.03711700439453
1311,63,47.19426,15.805740356445312
1312,87,61.423573,25.576427459716797
1313,90,48.743942,41.25605773925781
1314,141,46.01127,94.98873138427734
1315,127,74.38371,52.61628723144531
1316,94,74.097824,19.902175903320312
1317,100,64.824936,35.17506408691406
1318,12,26.964466,-14.964466094970703
1319,153,61.778423,91.22157669067383
1320,6,48.562252,-42.562252044677734
1321,76,72.23349,3.766510009765625
1322,66,53.865078,12.13492202758789
1323,57,146.29213,-89.29212951660156
1324,55,26.110554,28.889446258544922
1325,32,76.89819,-44.898193359375
1326,88,65.22539,22.774612426757812
1327,17,40.375698,-23.37569808959961
1328,28,59.539207,-31.539207458496094
1329,46,26.141193,19.858806610107422
1330,74,43.460648,30.539352416992188
1331,109,109.55268,-0.5526809692382812
1332,16,61.80706,-45.80706024169922
1333,46,49.789467,-3.7894668579101562
1334,12,14.8850975,-2.8850975036621094
1335,36,49.46128,-13.461280822753906
1336,41,100.76232,-59.76232147216797
1337,106,77.645905,28.354095458984375
1338,18,31.510477,-13.510477066040039
1339,91,77.911545,13.088455200195312
1340,157,121.13373,35.86627197265625
1341,88,68.14946,19.850540161132812
1342,159,113.71459,45.28540802001953
1343,94,53.180325,40.81967544555664
1344,8,89.22336,-81.22335815429688
1345,1,61.322723,-60.322723388671875
1346,188,86.1485,101.85150146484375
1347,19,13.727972,5.272027969360352
1348,39,38.127205,0.8727951049804688
1349,113,103.00177,9.99822998046875
1350,44,41.53852,2.4614791870117188
1351,9,55.911026,-46.91102600097656
1352,201,159.42287,41.57713317871094
1353,83,78.32961,4.670387268066406
1354,96,59.631813,36.368186950683594
1355,146,52.241577,93.7584228515625
1356,120,39.20331,80.79669189453125
1357,43,60.46903,-17.46902847290039
1358,18,37.806335,-19.80633544921875
1359,18,60.73272,-42.73271942138672
1360,53,114.67034,-61.67034149169922
1361,19,59.153076,-40.153076171875
1362,182,76.89029,105.10971069335938
1363,109,76.68409,32.31591033935547
1364,13,41.525013,-28.525012969970703
1365,96,93.20538,2.79461669921875
1366,91,89.7566,1.2434005737304688
1367,34,83.28923,-49.28923034667969
1368,81,50.88431,30.11568832397461
1369,121,76.27628,44.723716735839844
1370,23,53.46528,-30.46527862548828
1371,17,46.702312,-29.702312469482422
1372,81,83.45031,-2.4503097534179688
1373,66,77.58268,-11.582679748535156
1374,33,40.149788,-7.149787902832031
1375,42,64.51022,-22.510223388671875
1376,61,122.71927,-61.719268798828125
1377,155,150.03595,4.96405029296875
1378,10,64.08794,-54.08793640136719
1379,98,59.510525,38.48947525024414
1380,128,67.414566,60.58543395996094
1381,35,32.198444,2.801555633544922
1382,85,110.83446,-25.834457397460938
1383,116,91.56393,24.436073303222656
1384,50,80.76094,-30.760940551757812
1385,104,80.921265,23.0787353515625
1386,129,78.06044,50.93955993652344
1387,80,84.20938,-4.209381103515625
1388,25,74.235344,-49.23534393310547
1389,130,109.27973,20.72026824951172
1390,55,107.98412,-52.98412322998047
1391,19,62.979168,-43.97916793823242
1392,204,131.57483,72.4251708984375
1393,90,73.28429,16.715713500976562
1394,148,73.473434,74.52656555175781
1395,90,74.40827,15.591728210449219
1396,50,58.402767,-8.402767181396484
1397,72,64.29005,7.709953308105469
1398,23,38.420673,-15.420673370361328
1399,49,53.71342,-4.713420867919922
1400,103,62.45498,40.545021057128906
1401,62,61.405315,0.5946846008300781
1402,129,139.06592,-10.06591796875
1403,49,73.14965,-24.14965057373047
1404,41,58.489574,-17.489574432373047
1405,78,115.02813,-37.02812957763672
1406,103,78.76432,24.235679626464844
1407,149,110.18278,38.817222595214844
1408,37,33.37182,3.6281814575195312
1409,43,45.037323,-2.037322998046875
1410,64,53.627823,10.372177124023438
1411,11,34.24981,-23.24980926513672
1412,30,49.705673,-19.705673217773438
1413,86,45.05985,40.94015121459961
1414,124,55.23012,68.76987838745117
1415,113,133.14023,-20.140228271484375
1416,75,139.65573,-64.65573120117188
1417,97,58.006027,38.99397277832031
1418,50,47.602703,2.397296905517578
1419,32,47.363735,-15.36373519897461
1420,78,69.99215,8.007850646972656
1421,21,75.32197,-54.32196807861328
1422,32,54.25955,-22.25954818725586
1423,7,13.515793,-6.5157928466796875
1424,141,68.7346,72.2654037475586
1425,27,11.48545,15.51455020904541
1426,120,98.713646,21.286354064941406
1427,99,86.077,12.922996520996094
1428,86,55.023125,30.97687530517578
1429,60,59.292416,0.7075843811035156
1430,90,125.24811,-35.24810791015625
1431,97,55.980324,41.019676208496094
1432,10,23.012363,-13.01236343383789
1433,54,52.845722,1.1542778015136719
1434,58,55.547478,2.4525222778320312
1435,77,49.06133,27.938671112060547
1436,76,64.29288,11.707122802734375
1437,65,58.68984,6.310161590576172
1438,58,59.187916,-1.1879158020019531
1439,228,120.63637,107.36363220214844
1440,29,28.831778,0.16822242736816406
1441,53,44.04734,8.952659606933594
1442,20,37.613056,-17.613056182861328
1443,42,43.893356,-1.8933563232421875
1444,25,35.794006,-10.79400634765625
1445,30,61.477375,-31.477375030517578
1446,235,138.22353,96.77647399902344
1447,10,64.593414,-54.593414306640625
1448,55,58.158936,-3.158935546875
1449,7,61.432858,-54.432857513427734
1450,24,39.313366,-15.313365936279297
1451,85,64.0567,20.94329833984375
1452,73,31.784428,41.215572357177734
1453,72,46.445312,25.5546875
1454,75,57.771267,17.22873306274414
1455,49,72.77711,-23.77710723876953
1456,89,76.1491,12.850898742675781
1457,70,61.665146,8.334854125976562
1458,82,73.914986,8.085014343261719
1459,64,93.96139,-29.961387634277344
1460,73,103.655045,-30.655044555664062
1461,25,138.2262,-113.2261962890625
1462,60,29.98133,30.01866912841797
1463,16,30.868116,-14.86811637878418
1464,51,68.95418,-17.954177856445312
1465,50,41.195923,8.8040771484375
1466,72,55.89934,16.100658416748047
1467,49,76.66052,-27.6605224609375
1468,86,131.79025,-45.790252685546875
1469,46,59.872402,-13.87240219116211
1470,73,76.5829,-3.5829010009765625
1471,41,71.78751,-30.787513732910156
1472,80,43.065372,36.934627532958984
1473,70,69.850494,0.149505615234375
1474,7,51.921265,-44.9212646484375
1475,190,70.16574,119.83425903320312
1476,28,45.334446,-17.33444595336914
1477,59,73.439545,-14.439544677734375
1478,170,70.45972,99.540283203125
1479,49,22.717777,26.282222747802734
1480,191,98.487526,92.5124740600586
1481,45,104.16543,-59.165428161621094
1482,140,76.575905,63.424095153808594
1483,93,40.658382,52.341617584228516
1484,37,61.039295,-24.039295196533203
1485,29,21.124132,7.87586784362793
1486,43,49.133617,-6.133617401123047
1487,99,43.85859,55.14141082763672
1488,14,70.80041,-56.80040740966797
1489,5,43.255116,-38.2551155090332
1490,50,52.334114,-2.3341140747070312
1491,100,60.173485,39.826515197753906
1492,100,83.21955,16.78044891357422
1493,227,137.18076,89.81924438476562
1494,110,83.34356,26.65644073486328
1495,14,28.19098,-14.190980911254883
1496,47,52.829006,-5.829006195068359
1497,71,51.092033,19.90796661376953
1498,57,33.121838,23.878162384033203
1499,36,62.17525,-26.175251007080078
1500,147,92.24803,54.75196838378906
1501,77,127.22237,-50.22236633300781
1502,63,68.01735,-5.0173492431640625
1503,26,41.16513,-15.165130615234375
1504,55,46.895763,8.104236602783203
1505,72,71.32907,0.670928955078125
1506,18,52.4312,-34.43119812011719
1507,50,123.17475,-73.17475128173828
1508,88,59.54433,28.455669403076172
1509,10,45.4961,-35.49610137939453
1510,108,82.56259,25.437408447265625
1511,82,45.504288,36.49571228027344
1512,101,97.741035,3.2589645385742188
1513,91,61.486954,29.513046264648438
1514,56,43.924072,12.075927734375
1515,17,45.949596,-28.949596405029297
1516,16,90.98984,-74.98983764648438
1517,111,90.71929,20.28070831298828
1518,22,12.326823,9.673176765441895
1519,104,66.65303,37.34696960449219
1520,98,100.22468,-2.2246780395507812
1521,45,77.57822,-32.578216552734375
1522,28,40.586117,-12.586116790771484
1523,13,44.60502,-31.605018615722656
1524,105,66.039635,38.960365295410156
1525,143,63.0102,79.98979949951172
1526,124,63.287582,60.71241760253906
1527,57,33.153954,23.846046447753906
1528,145,99.67319,45.326812744140625
1529,63,67.72528,-4.72528076171875
1530,64,48.967274,15.032726287841797
1531,95,95.5075,-0.5074996948242188
1532,10,55.23296,-45.23295974731445
1533,69,112.649536,-43.6495361328125
1534,9,18.833963,-9.833963394165039
1535,18,14.178799,3.8212013244628906
1536,67,50.711617,16.28838348388672
1537,170,70.3956,99.60440063476562
1538,82,58.138855,23.86114501953125
1539,25,22.682707,2.317293167114258
1540,140,86.794365,53.20563507080078
1541,11,30.866224,-19.86622428894043
1542,147,116.83881,30.16118621826172
1543,117,86.30266,30.697341918945312
1544,98,54.525448,43.474552154541016
1545,77,124.41747,-47.41747283935547
1546,110,109.14891,0.8510894775390625
1547,68,40.1187,27.881301879882812
1548,92,95.52638,-3.5263824462890625
1549,11,37.519775,-26.519775390625
1550,120,62.348972,57.65102767944336
1551,29,49.120453,-20.120452880859375
1552,171,67.5864,103.4135971069336
1553,89,72.49243,16.507568359375
1554,90,61.661606,28.338394165039062
1555,81,82.47021,-1.4702072143554688
1556,121,74.37805,46.6219482421875
1557,47,47.177395,-0.17739486694335938
1558,69,69.513016,-0.5130157470703125
1559,139,63.908558,75.0914421081543
1560,155,111.12799,43.87200927734375
1561,5,11.416396,-6.416396141052246
1562,7,63.450268,-56.45026779174805
1563,30,86.84531,-56.845306396484375
1564,124,74.8903,49.109703063964844
1565,16,11.560892,4.439107894897461
1566,114,81.735596,32.264404296875
1567,102,125.864555,-23.86455535888672
1568,97,103.584076,-6.584075927734375
1569,53,50.083965,2.916034698486328
1570,138,63.47361,74.5263900756836
1571,28,25.867292,2.1327075958251953
1572,131,108.489334,22.510665893554688
1573,63,84.73056,-21.730560302734375
1574,61,67.172775,-6.1727752685546875
1575,65,53.15642,11.843578338623047
1576,106,80.436005,25.563995361328125
1577,12,12.217701,-0.21770095825195312
1578,81,63.50115,17.498851776123047
1579,203,137.08719,65.91281127929688
1580,10,45.546673,-35.54667282104492
1581,24,50.01135,-26.011348724365234
1582,45,47.99205,-2.9920501708984375
1583,42,23.541376,18.4586238861084
1584,80,51.52774,28.472259521484375
1585,71,63.50543,7.494571685791016
1586,77,63.486904,13.51309585571289
1587,12,35.43855,-23.438549041748047
1588,4,48.91596,-44.915958404541016
1589,48,59.86706,-11.867061614990234
1590,155,62.57399,92.42601013183594
1591,108,49.854515,58.145484924316406
1592,32,35.75022,-3.7502212524414062
1593,4,13.579853,-9.579853057861328
1594,12,59.901657,-47.90165710449219
1595,83,58.994865,24.00513458251953
1596,89,55.36047,33.639530181884766
1597,31,53.971283,-22.971282958984375
1598,61,120.8243,-59.824302673339844
1599,37,66.49981,-29.49980926513672
1600,90,85.88985,4.1101531982421875
1601,61,105.74013,-44.74012756347656
1602,74,100.75051,-26.750511169433594
1603,92,80.72799,11.272010803222656
1604,116,57.800926,58.199073791503906
1605,135,133.57678,1.4232177734375
1606,63,70.669174,-7.6691741943359375
1607,23,56.84619,-33.84619140625
1608,134,66.530685,67.46931457519531
1609,98,55.226913,42.77308654785156
1610,29,32.681423,-3.6814231872558594
1611,40,87.78823,-47.788230895996094
1612,104,61.84941,42.15058898925781
1613,72,48.919006,23.08099365234375
1614,12,22.326797,-10.326797485351562
1615,16,50.215317,-34.21531677246094
1616,100,98.854294,1.1457061767578125
1617,18,41.58046,-23.580459594726562
1618,123,61.38842,61.61157989501953
1619,12,36.73063,-24.730628967285156
1620,186,78.519424,107.48057556152344
1621,2,23.799465,-21.79946517944336
1622,1,52.634033,-51.634033203125
1623,13,8.51697,4.483030319213867
1624,103,117.97439,-14.974388122558594
1625,80,144.98248,-64.98248291015625
1626,16,55.270626,-39.270626068115234
1627,104,52.42596,51.574039459228516
1628,119,61.966564,57.0334358215332
1629,47,46.368,0.6319999694824219
1630,191,80.63695,110.36305236816406
1631,60,48.925163,11.074836730957031
1632,66,35.230072,30.769927978515625
1633,30,66.96745,-36.96745300292969
1634,59,57.65358,1.3464202880859375
1635,33,38.673058,-5.673057556152344
1636,135,65.63338,69.36662292480469
1637,79,29.953356,49.04664421081543
1638,102,91.88978,10.110221862792969
1639,68,35.614655,32.385345458984375
1640,67,46.599174,20.40082550048828
1641,161,84.24733,76.75267028808594
1642,67,84.06215,-17.062149047851562
1643,50,33.55382,16.446178436279297
1644,29,45.79332,-16.793319702148438
1645,40,55.493977,-15.493976593017578
1646,43,63.314842,-20.314842224121094
1647,108,93.527885,14.472114562988281
1648,48,48.80376,-0.8037605285644531
1649,67,70.61649,-3.6164932250976562
1650,39,62.564487,-23.56448745727539
1651,110,44.5252,65.47480010986328
1652,4,40.243015,-36.24301528930664
1653,19,98.483406,-79.48340606689453
1654,98,78.20568,19.79431915283203
1655,122,52.114132,69.88586807250977
1656,12,33.679535,-21.679534912109375
1657,59,48.38227,10.617729187011719
1658,42,49.910496,-7.910495758056641
1659,13,54.14462,-41.14461898803711
1660,89,53.5056,35.49440002441406
1661,84,99.090195,-15.090194702148438
1662,60,46.797768,13.202232360839844
1663,42,65.57226,-23.57225799560547
1664,28,34.860706,-6.860706329345703
1665,11,17.049404,-6.049404144287109
1666,37,50.341187,-13.3411865234375
1667,56,58.191025,-2.1910247802734375
1668,41,60.743973,-19.743972778320312
1669,90,100.08812,-10.088119506835938
1670,132,131.67726,0.3227386474609375
1671,142,129.25969,12.740310668945312
1672,45,62.14046,-17.140460968017578
1673,83,136.25798,-53.25798034667969
1674,129,88.375534,40.62446594238281
1675,225,154.97803,70.02197265625
1676,45,59.822357,-14.822357177734375
1677,2,36.73498,-34.734981536865234
1678,130,55.908142,74.09185791015625
1679,54,55.734184,-1.7341842651367188
1680,38,61.3158,-23.315799713134766
1681,103,41.549507,61.45049285888672
1682,66,53.274902,12.72509765625
1683,118,57.9239,60.07609939575195
1684,34,38.261467,-4.261466979980469
1685,73,56.08192,16.918079376220703
1686,38,31.609108,6.390892028808594
1687,55,50.43604,4.563961029052734
1688,30,40.829308,-10.829307556152344
1689,30,49.701168,-19.701168060302734
1690,119,94.66541,24.33458709716797
1691,57,64.974976,-7.9749755859375
1692,88,58.40529,29.594711303710938
1693,86,48.098045,37.901954650878906
1694,47,73.811424,-26.811424255371094
1695,107,43.595688,63.40431213378906
1696,161,125.326065,35.67393493652344
1697,57,57.639973,-0.6399726867675781
1698,135,126.80837,8.191627502441406
1699,96,94.13501,1.864990234375
1700,66,61.231995,4.76800537109375
1701,24,22.889452,1.1105480194091797
1702,24,57.88457,-33.88457107543945
1703,32,75.26482,-43.26481628417969
1704,76,97.349396,-21.349395751953125
1705,60,54.610065,5.389934539794922
1706,5,54.87747,-49.87746810913086
1707,15,30.996532,-15.996532440185547
1708,156,70.68906,85.31094360351562
1709,53,30.025568,22.97443199157715
1710,127,111.16411,15.835891723632812
1711,43,60.00998,-17.009979248046875
1712,46,74.54905,-28.549049377441406
1713,65,69.31388,-4.313880920410156
1714,19,38.73725,-19.73725128173828
1715,7,57.45093,-50.450931549072266
1716,129,108.45142,20.54857635498047
1717,23,49.059048,-26.05904769897461
1718,134,89.56037,44.43962860107422
1719,17,31.286364,-14.28636360168457
1720,9,76.652916,-67.65291595458984
1721,94,96.344025,-2.344024658203125
1722,8,17.990164,-9.990163803100586
1723,246,159.49522,86.50477600097656
1724,41,98.425255,-57.425254821777344
1725,147,135.3244,11.67559814453125
1726,193,106.02394,86.97605895996094
1727,13,22.870302,-9.870302200317383
1728,35,98.02982,-63.029823303222656
1729,21,62.08785,-41.08784866333008
1730,51,66.30194,-15.30194091796875
1731,24,52.75158,-28.75157928466797
1732,108,105.54398,2.4560165405273438
1733,129,117.28003,11.719970703125
1734,139,127.60518,11.394821166992188
1735,27,95.98533,-68.9853286743164
1736,177,101.75666,75.24333953857422
1737,124,71.1526,52.84739685058594
1738,38,38.507347,-0.5073471069335938
1739,149,127.16552,21.83448028564453
1740,87,42.656574,44.34342575073242
1741,59,64.65649,-5.656486511230469
1742,77,51.43477,25.565231323242188
1743,48,65.884445,-17.884445190429688
1744,182,115.205696,66.79430389404297
1745,98,46.400497,51.59950256347656
1746,136,42.98206,93.01794052124023
1747,86,121.57544,-35.575439453125
1748,3,63.55208,-60.55207824707031
1749,97,112.53499,-15.534988403320312
1750,95,104.268036,-9.268035888671875
1751,170,78.5473,91.45269775390625
1752,88,88.57993,-0.5799331665039062
1753,60,86.03882,-26.038818359375
1754,76,56.94142,19.058578491210938
1755,49,84.655815,-35.65581512451172
1756,76,84.71519,-8.715187072753906
1757,94,62.558834,31.441165924072266
1758,76,58.556087,17.443912506103516
1759,45,36.182365,8.817634582519531
1760,71,101.20837,-30.20836639404297
1761,108,104.20307,3.7969284057617188
1762,69,85.42834,-16.42833709716797
1763,75,46.033264,28.96673583984375
1764,97,71.63435,25.365646362304688
1765,58,52.26737,5.732631683349609
1766,73,106.519356,-33.51935577392578
1767,9,6.373487,2.6265130043029785
1768,58,48.615562,9.384437561035156
1769,98,53.314842,44.685157775878906
1770,51,67.1889,-16.18890380859375
1771,27,21.399529,5.600471496582031
1772,29,67.87518,-38.87518310546875
1773,37,90.2156,-53.215599060058594
1774,37,16.542593,20.457406997680664
1775,65,104.41814,-39.41813659667969
1776,38,71.55955,-33.559547424316406
1777,123,65.38826,57.61174011230469
1778,54,54.284805,-0.2848052978515625
1779,4,90.78214,-86.78214263916016
1780,59,55.072296,3.927703857421875
1781,48,68.81668,-20.816680908203125
1782,13,32.42093,-19.420928955078125
1783,23,68.573456,-45.573455810546875
1784,25,49.278484,-24.278484344482422
1785,140,158.25212,-18.252120971679688
1786,61,79.77855,-18.778549194335938
1787,76,61.737225,14.262775421142578
1788,2,37.229504,-35.2295036315918
1789,52,73.5083,-21.50830078125
1790,94,64.37443,29.625572204589844
1791,29,45.88593,-16.885929107666016
1792,79,67.89253,11.107467651367188
1793,141,82.27202,58.72798156738281
1794,176,62.680782,113.31921768188477
1795,85,43.92719,41.072811126708984
1796,110,87.61713,22.38287353515625
1797,7,49.511086,-42.511085510253906
1798,23,29.252691,-6.252691268920898
1799,82,57.714622,24.285377502441406
1800,8,11.905667,-3.905667304992676
1801,81,81.790886,-0.7908859252929688
1802,82,70.81643,11.183570861816406
1803,102,103.92941,-1.929412841796875
1804,109,100.72265,8.277351379394531
1805,111,86.362755,24.637245178222656
1806,104,61.792328,42.207672119140625
1807,95,131.19527,-36.19526672363281
1808,97,82.10627,14.893730163574219
1809,143,65.372154,77.62784576416016
1810,57,41.04566,15.954341888427734
1811,47,76.457306,-29.457305908203125
1812,7,43.819206,-36.81920623779297
1813,80,64.583435,15.41656494140625
1814,105,101.82463,3.1753692626953125
1815,40,88.06743,-48.06742858886719
1816,93,91.494156,1.5058441162109375
1817,36,48.848095,-12.848094940185547
1818,44,67.24406,-23.244056701660156
1819,95,81.91332,13.086677551269531
1820,37,32.40615,4.593849182128906
1821,27,47.821594,-20.82159423828125
1822,9,33.30653,-24.306529998779297
1823,121,63.906204,57.09379577636719
1824,4,17.296383,-13.296382904052734
1825,45,38.796356,6.203643798828125
1826,16,34.405056,-18.40505599975586
1827,1,24.189894,-23.18989372253418
1828,152,58.544147,93.45585250854492
1829,32,57.561478,-25.561477661132812
1830,48,57.08376,-9.083759307861328
1831,38,61.461395,-23.461395263671875
1832,20,71.39812,-51.39811706542969
1833,22,72.08051,-50.08051300048828
1834,28,60.01412,-32.01411819458008
1835,2,9.288334,-7.288333892822266
1836,108,80.77203,27.22796630859375
1837,166,88.88953,77.1104736328125
1838,156,84.28768,71.71231842041016
1839,34,59.073017,-25.073017120361328
1840,13,60.011276,-47.01127624511719
1841,30,43.558598,-13.558597564697266
1842,59,100.231926,-41.23192596435547
1843,85,83.47078,1.5292205810546875
1844,100,103.93546,-3.9354629516601562
1845,53,73.88387,-20.883872985839844
1846,83,57.502914,25.497085571289062
1847,7,35.173035,-28.17303466796875
1848,16,9.752005,6.247995376586914
1849,112,69.9351,42.064903259277344
1850,113,121.14897,-8.148971557617188
1851,140,61.817276,78.18272399902344
1852,43,49.046165,-6.046165466308594
1853,90,68.67371,21.32628631591797
1854,79,131.5853,-52.585296630859375
1855,169,143.17899,25.821014404296875
1856,36,42.012177,-6.012176513671875
1857,205,134.59084,70.40916442871094
1858,29,34.432575,-5.432575225830078
1859,31,27.930473,3.0695266723632812
1860,102,95.302704,6.697296142578125
1861,57,22.709309,34.29069137573242
1862,34,44.543198,-10.543197631835938
1863,17,78.13588,-61.13587951660156
1864,43,59.743107,-16.743106842041016
1865,85,43.591347,41.408653259277344
1866,10,48.95549,-38.95549011230469
1867,6,49.218323,-43.21832275390625
1868,91,73.21335,17.786651611328125
1869,135,98.74353,36.2564697265625
1870,72,59.991333,12.0086669921875
1871,36,18.38438,17.615619659423828
1872,80,72.49198,7.508018493652344
1873,65,45.354744,19.64525604248047
1874,101,89.06757,11.932426452636719
1875,59,44.173042,14.826957702636719
1876,88,60.288082,27.711917877197266
1877,119,56.24425,62.7557487487793
1878,109,76.853645,32.14635467529297
1879,231,137.99051,93.00949096679688
1880,32,24.872473,7.127527236938477
1881,150,135.4979,14.502105712890625
1882,74,46.014988,27.98501205444336
1883,91,40.27376,50.72623825073242
1884,96,40.407722,55.59227752685547
1885,178,125.12039,52.879608154296875
1886,175,146.99097,28.009033203125
1887,125,107.12466,17.875343322753906
1888,132,121.62058,10.379417419433594
1889,133,94.72081,38.27919006347656
1890,21,44.040737,-23.04073715209961
1891,82,49.90836,32.09164047241211
1892,117,102.611664,14.388336181640625
1893,189,125.275986,63.72401428222656
1894,111,146.69295,-35.69294738769531
1895,22,11.102063,10.897936820983887
1896,9,36.04142,-27.041419982910156
1897,97,92.97852,4.021476745605469
1898,35,78.916695,-43.91669464111328
1899,88,49.22655,38.7734489440918
1900,126,137.40625,-11.40625
1901,89,52.095886,36.90411376953125
1902,52,49.417763,2.5822372436523438
1903,48,60.602657,-12.602657318115234
1904,162,75.97133,86.02867126464844
1905,162,55.269024,106.73097610473633
1906,17,76.44107,-59.441070556640625
1907,21,38.08757,-17.087570190429688
1908,13,74.52692,-61.52691650390625
1909,2,22.186844,-20.186843872070312
1910,88,70.335495,17.664505004882812
1911,172,102.93499,69.06501007080078
1912,5,48.55283,-43.55282974243164
1913,241,114.91101,126.0889892578125
1914,36,54.338417,-18.338417053222656
1915,101,62.70832,38.29167938232422
1916,115,56.403236,58.596763610839844
1917,63,53.352726,9.647274017333984
1918,16,47.07401,-31.07400894165039
1919,11,35.738605,-24.738605499267578
1920,2,37.863514,-35.8635139465332
1921,40,132.47046,-92.470458984375
1922,28,11.695553,16.304447174072266
1923,35,36.23261,-1.2326087951660156
1924,29,85.049065,-56.04906463623047
1925,34,44.474407,-10.474407196044922
1926,150,51.883385,98.11661529541016
1927,115,98.74659,16.25341033935547
1928,40,60.189346,-20.189346313476562
1929,11,42.411976,-31.411975860595703
1930,79,53.142128,25.857872009277344
1931,51,34.807304,16.19269561767578
1932,13,21.091787,-8.091787338256836
1933,54,28.75337,25.24662971496582
1934,150,149.27357,0.7264251708984375
1935,1,34.338665,-33.33866500854492
1936,11,37.84231,-26.84231185913086
1937,104,42.575146,61.42485427856445
1938,1,38.577793,-37.57779312133789
1939,32,49.706818,-17.706817626953125
1940,32,97.11758,-65.1175765991211
1941,77,54.6845,22.31549835205078
1942,56,95.672295,-39.67229461669922
1943,133,112.335976,20.664024353027344
1944,164,140.4114,23.588592529296875
1945,8,40.55889,-32.55889129638672
1946,53,104.667076,-51.667076110839844
1947,11,98.535194,-87.53519439697266
1948,252,142.7648,109.23519897460938
1949,7,78.28005,-71.2800521850586
1950,26,27.115057,-1.1150569915771484
1951,99,67.2794,31.720596313476562
1952,19,56.35826,-37.35826110839844
1953,9,44.108467,-35.10846710205078
1954,144,131.92696,12.073043823242188
1955,126,118.90802,7.09197998046875
1956,178,93.12091,84.87908935546875
1957,88,57.695694,30.304306030273438
1958,122,113.17996,8.820037841796875
1959,136,62.429626,73.57037353515625
1960,114,36.364483,77.63551712036133
1961,32,58.207867,-26.207866668701172
1962,39,47.93122,-8.931221008300781
1963,49,86.32008,-37.32008361816406
1964,62,33.490833,28.509166717529297
1965,130,82.29963,47.70037078857422
1966,69,53.211334,15.788665771484375
1967,205,123.52033,81.47966766357422
1968,54,56.581444,-2.5814437866210938
1969,31,35.232536,-4.232536315917969
1970,11,12.211199,-1.2111988067626953
1971,9,35.436638,-26.43663787841797
1972,3,46.740246,-43.7402458190918
1973,101,81.26667,19.73332977294922
1974,120,55.515198,64.48480224609375
1975,58,61.181248,-3.1812477111816406
1976,65,40.231636,24.76836395263672
1977,47,40.155544,6.844455718994141
1978,115,77.42583,37.57417297363281
1979,28,23.6064,4.3936004638671875
1980,10,42.39067,-32.39067077636719
1981,65,65.22224,-0.22223663330078125
1982,4,31.127092,-27.127092361450195
1983,14,44.689728,-30.689727783203125
1984,106,86.620026,19.379974365234375
1985,78,57.541683,20.458316802978516
1986,36,56.05255,-20.05255126953125
1987,23,36.546143,-13.546142578125
1988,58,62.494514,-4.494514465332031
1989,26,47.45683,-21.456829071044922
1990,70,69.32139,0.6786117553710938
1991,57,67.604744,-10.604743957519531
1992,37,97.07495,-60.074951171875
1993,75,74.809814,0.190185546875
1994,8,29.979511,-21.979511260986328
1995,141,102.00549,38.9945068359375
1996,123,78.98071,44.019287109375
1997,91,139.02435,-48.02435302734375
1998,26,30.869164,-4.869163513183594
1999,112,79.03838,32.96161651611328
2000,44,109.57658,-65.57657623291016
2001,26,38.52265,-12.522651672363281
2002,39,55.928753,-16.928752899169922
2003,34,26.261248,7.738752365112305
2004,105,44.972412,60.027587890625
2005,48,24.771004,23.22899627685547
2006,82,66.226776,15.773223876953125
2007,23,43.25338,-20.253379821777344
2008,76,59.30431,16.695690155029297
2009,72,90.75286,-18.75286102294922
2010,96,88.76313,7.236869812011719
2011,47,80.67855,-33.678550720214844
2012,139,57.81288,81.18711853027344
2013,23,76.2833,-53.283302307128906
2014,21,52.567825,-31.567825317382812
2015,184,65.744156,118.25584411621094
2016,43,54.922028,-11.922027587890625
2017,72,135.52321,-63.52320861816406
2018,58,44.721996,13.278003692626953
2019,79,134.23389,-55.23388671875
2020,182,157.8764,24.12359619140625
2021,2,10.059539,-8.059538841247559
2022,67,77.857185,-10.857185363769531
2023,13,86.16343,-73.1634292602539
2024,76,130.38509,-54.38508605957031
2025,8,36.90141,-28.901409149169922
2026,61,70.365585,-9.365585327148438
2027,97,58.118675,38.881324768066406
2028,77,79.32066,-2.3206634521484375
2029,28,44.784153,-16.78415298461914
2030,90,95.79622,-5.7962188720703125
2031,61,77.08057,-16.08056640625
2032,23,93.936874,-70.93687438964844
2033,62,43.19874,18.80126190185547
2034,29,64.92149,-35.92149353027344
2035,62,91.36735,-29.367347717285156
2036,74,109.27705,-35.27704620361328
2037,46,35.582447,10.417552947998047
2038,138,122.81471,15.185287475585938
2039,83,83.10342,-0.10341644287109375
2040,48,68.26189,-20.261886596679688
2041,93,83.97822,9.021781921386719
2042,104,79.216576,24.783424377441406
2043,54,54.14402,-0.14402008056640625
2044,126,72.920525,53.07947540283203
2045,68,65.13389,2.8661117553710938
2046,8,52.136944,-44.13694381713867
2047,194,113.613174,80.38682556152344
2048,45,42.595776,2.404224395751953
2049,21,13.186447,7.8135528564453125
2050,132,49.185528,82.81447219848633
2051,100,76.46017,23.539833068847656
2052,24,48.94652,-24.946521759033203
2053,67,92.07569,-25.07569122314453
2054,12,57.57946,-45.57946014404297
2055,80,61.390602,18.609397888183594
2056,38,68.14823,-30.148231506347656
2057,84,94.9632,-10.963203430175781
2058,12,55.986736,-43.98673629760742
2059,53,65.40667,-12.406669616699219
2060,105,114.73095,-9.730949401855469
2061,58,66.250206,-8.250205993652344
2062,112,122.162636,-10.162635803222656
2063,47,61.56971,-14.569709777832031
2064,7,36.565636,-29.565635681152344
2065,23,57.751835,-34.751834869384766
2066,70,39.689266,30.310733795166016
2067,86,51.378906,34.62109375
2068,108,61.681293,46.31870651245117
2069,66,111.851326,-45.85132598876953
2070,37,33.435966,3.5640335083007812
2071,29,23.062439,5.93756103515625
2072,32,56.47424,-24.474239349365234
2073,9,19.035057,-10.035057067871094
2074,97,74.77883,22.221168518066406
2075,81,93.32632,-12.326316833496094
2076,73,76.090546,-3.090545654296875
2077,46,36.027683,9.97231674194336
2078,91,69.22737,21.772628784179688
2079,34,53.16972,-19.169719696044922
2080,111,54.800728,56.19927215576172
2081,87,48.719574,38.280426025390625
2082,95,83.97239,11.027610778808594
2083,82,90.385956,-8.385955810546875
2084,44,67.09212,-23.092117309570312
2085,73,54.56774,18.43225860595703
2086,41,9.80125,31.198749542236328
2087,75,144.17401,-69.17401123046875
2088,20,75.76081,-55.76081085205078
2089,39,48.870094,-9.870094299316406
2090,29,57.52351,-28.523509979248047
2091,22,19.963276,2.036724090576172
2092,6,65.51582,-59.51582336425781
2093,67,23.872223,43.127777099609375
2094,79,76.186905,2.8130950927734375
2095,23,59.430523,-36.43052291870117
2096,55,59.023384,-4.023384094238281
2097,103,76.68394,26.316062927246094
2098,34,88.63847,-54.63847351074219
2099,68,77.28021,-9.28021240234375
2100,61,90.70887,-29.70886993408203
2101,8,22.398722,-14.398721694946289
2102,152,60.84233,91.15766906738281
2103,104,84.79225,19.207748413085938
2104,65,55.091156,9.908843994140625
2105,45,55.333492,-10.333492279052734
2106,148,121.457375,26.542625427246094
2107,162,116.16068,45.839317321777344
2108,27,43.794647,-16.794647216796875
2109,111,81.11432,29.88568115234375
2110,9,24.236017,-15.236017227172852
2111,80,61.43386,18.566139221191406
2112,14,78.62237,-64.62236785888672
2113,44,78.847435,-34.847434997558594
2114,41,43.058006,-2.0580062866210938
2115,132,71.04037,60.959632873535156
2116,9,59.96858,-50.96857833862305
2117,167,120.39867,46.60133361816406
2118,75,33.736874,41.263126373291016
2119,110,147.05894,-37.05894470214844
2120,114,80.576935,33.423065185546875
2121,92,113.259636,-21.25963592529297
2122,66,56.63909,9.360908508300781
2123,154,116.26146,37.73854064941406
2124,135,76.302345,58.697654724121094
2125,38,29.529484,8.470516204833984
2126,35,35.04727,-0.047271728515625
2127,21,37.98712,-16.98712158203125
2128,57,59.053497,-2.053497314453125
2129,45,68.59451,-23.594512939453125
2130,40,33.18411,6.815891265869141
2131,68,90.907135,-22.907135009765625
2132,79,110.85314,-31.85314178466797
2133,64,45.594517,18.40548324584961
2134,65,89.591194,-24.59119415283203
2135,37,84.14648,-47.14647674560547
2136,120,110.15471,9.845291137695312
2137,74,73.076614,0.9233856201171875
2138,13,31.214642,-18.214641571044922
2139,28,80.84198,-52.84197998046875
2140,130,131.00322,-1.0032196044921875
2141,93,95.25524,-2.2552413940429688
2142,18,86.881615,-68.8816146850586
2143,130,50.314793,79.68520736694336
2144,78,85.65256,-7.652557373046875
2145,108,156.9232,-48.92320251464844
2146,29,48.23839,-19.238391876220703
2147,15,73.05926,-58.05925750732422
2148,139,64.339714,74.66028594970703
2149,75,109.641945,-34.641944885253906
2150,73,60.78969,12.210311889648438
2151,9,48.581837,-39.58183670043945
2152,51,34.17714,16.822860717773438
2153,39,46.47605,-7.476051330566406
2154,64,64.600235,-0.6002349853515625
2155,56,55.86497,0.13502883911132812
2156,68,38.470573,29.52942657470703
2157,87,27.718124,59.28187561035156
2158,109,100.219345,8.780654907226562
2159,103,63.501217,39.498783111572266
2160,73,85.53098,-12.530982971191406
2161,85,71.27545,13.72454833984375
2162,63,55.914547,7.085453033447266
2163,19,55.548607,-36.548606872558594
2164,18,44.17226,-26.172260284423828
2165,74,87.83705,-13.837051391601562
2166,77,140.17247,-63.17247009277344
2167,35,60.283897,-25.283897399902344
2168,29,57.859825,-28.859825134277344
2169,137,59.39705,77.60295104980469
2170,13,36.159874,-23.159873962402344
2171,25,81.3859,-56.385902404785156
2172,94,120.22119,-26.22119140625
2173,14,65.58639,-51.586387634277344
2174,14,41.701324,-27.701324462890625
2175,42,60.181355,-18.181354522705078
2176,4,55.561314,-51.56131362915039
2177,78,69.25932,8.740676879882812
2178,34,70.44833,-36.448333740234375
2179,31,55.80128,-24.801280975341797
2180,89,77.11155,11.888450622558594
2181,48,88.63749,-40.637489318847656
2182,14,64.24415,-50.24414825439453
2183,82,86.4751,-4.47509765625
2184,59,137.82901,-78.82901000976562
2185,118,88.38602,29.613983154296875
2186,34,61.215073,-27.215072631835938
2187,14,52.020866,-38.02086639404297
2188,65,52.361347,12.638652801513672
2189,13,76.882324,-63.88232421875
2190,103,82.9946,20.005401611328125
2191,20,32.944077,-12.944076538085938
2192,28,66.0807,-38.08070373535156
2193,39,75.49741,-36.497413635253906
2194,64,55.004826,8.995174407958984
2195,80,101.47572,-21.475723266601562
2196,25,43.052414,-18.052413940429688
2197,65,140.5617,-75.56170654296875
2198,42,112.990654,-70.99065399169922
2199,14,39.51239,-25.51239013671875
2200,6,30.869312,-24.869312286376953
2201,32,94.10638,-62.10637664794922
2202,54,64.147606,-10.147605895996094
2203,42,31.915533,10.084466934204102
2204,39,46.639385,-7.639385223388672
2205,113,145.54062,-32.540618896484375
2206,115,123.67191,-8.671913146972656
2207,162,144.01538,17.984619140625
2208,52,38.846584,13.15341567993164
2209,26,54.242065,-28.2420654296875
2210,153,160.96204,-7.9620361328125
2211,71,52.1361,18.86389923095703
2212,41,45.19125,-4.191249847412109
2213,1,12.159307,-11.159306526184082
2214,111,32.977432,78.02256774902344
2215,48,84.91003,-36.91002655029297
2216,45,11.0232935,33.97670650482178
2217,94,73.976295,20.023704528808594
2218,101,64.689606,36.310394287109375
2219,85,99.6371,-14.637100219726562
2220,43,18.533915,24.46608543395996
2221,166,116.85991,49.14009094238281
2222,34,62.69682,-28.696819305419922
2223,72,62.38089,9.619110107421875
2224,28,66.64342,-38.64341735839844
2225,28,54.548416,-26.548416137695312
2226,20,35.90656,-15.906558990478516
2227,66,35.572193,30.427806854248047
2228,79,54.05733,24.942668914794922
2229,78,56.73733,21.26266860961914
2230,9,85.0388,-76.03880310058594
2231,109,77.20701,31.792991638183594
2232,5,38.660408,-33.66040802001953
2233,68,134.63547,-66.63546752929688
2234,62,42.443962,19.55603790283203
2235,89,120.04872,-31.048721313476562
2236,86,65.843704,20.156295776367188
2237,57,84.69294,-27.69293975830078
2238,55,71.70318,-16.70317840576172
2239,31,72.394066,-41.394065856933594
2240,66,30.066694,35.933305740356445
2241,52,55.612347,-3.612346649169922
2242,106,109.72529,-3.7252883911132812
2243,107,120.85075,-13.850753784179688
2244,132,97.23905,34.760948181152344
2245,84,62.681717,21.318283081054688
2246,17,58.595585,-41.595584869384766
2247,5,39.812073,-34.81207275390625
2248,128,61.538517,66.46148300170898
2249,37,41.164776,-4.164775848388672
2250,19,21.719856,-2.7198562622070312
2251,144,129.73242,14.267578125
2252,22,49.916103,-27.91610336303711
2253,61,57.94793,3.0520706176757812
2254,71,95.83168,-24.831680297851562
2255,43,25.089073,17.910926818847656
2256,36,91.27116,-55.271156311035156
2257,88,53.04982,34.95018005371094
2258,94,42.967056,51.03294372558594
2259,32,68.31969,-36.31968688964844
2260,21,64.82723,-43.827232360839844
2261,52,40.7496,11.25040054321289
2262,54,121.25548,-67.25547790527344
2263,15,57.594994,-42.594993591308594
2264,2,10.754874,-8.754874229431152
2265,42,54.75784,-12.75783920288086
2266,19,93.921585,-74.92158508300781
2267,35,51.18893,-16.18893051147461
2268,2,46.225765,-44.225765228271484
2269,41,47.62317,-6.6231689453125
2270,72,55.283455,16.71654510498047
2271,104,88.29078,15.709220886230469
2272,69,64.645226,4.354774475097656
2273,111,49.199,61.80099868774414
2274,93,73.915726,19.084274291992188
2275,100,58.28646,41.713539123535156
2276,34,44.487595,-10.487594604492188
2277,46,19.23711,26.762889862060547
2278,55,80.8926,-25.892601013183594
2279,34,39.29246,-5.292461395263672
2280,173,107.2701,65.72989654541016
2281,61,81.46253,-20.46253204345703
2282,32,47.877743,-15.877742767333984
2283,60,64.75506,-4.755058288574219
2284,38,50.88981,-12.889808654785156
2285,111,108.168976,2.831024169921875
2286,80,34.95816,45.041839599609375
2287,85,59.26374,25.73625946044922
2288,13,40.437553,-27.43755340576172
2289,106,82.02261,23.977386474609375
2290,104,82.39923,21.60076904296875
